kind,model,other,cond,phrasing,est,lo,hi,n,own_est,own_n
level,ollama/qwen2.5:1.5b,,wrong_mild,all,89.14529914529915,86.41025641025641,91.70940170940172,390,90.02267573696146,882
level,ollama/qwen2.5:1.5b,,wrong_mild,0,86.80555555555554,82.46527777777779,90.7986111111111,192,,
level,ollama/qwen2.5:1.5b,,wrong_mild,1,91.41414141414141,87.87878787878788,94.6127946127946,198,,
level,ollama/qwen2.5:1.5b,,wrong_strong,all,79.48717948717949,75.81196581196582,82.90598290598291,390,82.19954648526077,882
level,ollama/qwen2.5:1.5b,,wrong_strong,0,76.84210526315789,71.2280701754386,82.10526315789474,190,,
level,ollama/qwen2.5:1.5b,,wrong_strong,1,82.0,77.0,86.83333333333333,200,,
level,ollama/llama3.2:1b,,wrong_mild,all,99.82905982905983,99.57264957264957,100.0,390,99.86531986531986,495
level,ollama/llama3.2:1b,,wrong_mild,0,99.65277777777777,99.13194444444443,100.0,192,,
level,ollama/llama3.2:1b,,wrong_mild,1,100.0,100.0,100.0,198,,
level,ollama/llama3.2:1b,,wrong_strong,all,98.37606837606839,97.0940170940171,99.4017094017094,390,98.38383838383838,495
level,ollama/llama3.2:1b,,wrong_strong,0,99.2982456140351,98.24561403508771,100.0,190,,
level,ollama/llama3.2:1b,,wrong_strong,1,97.5,95.33333333333333,99.33333333333333,200,,
level,ollama/qwen2.5:3b,,wrong_mild,all,80.2991452991453,76.49572649572649,83.97435897435898,390,80.49095607235142,1032
level,ollama/qwen2.5:3b,,wrong_mild,0,82.2048611111111,76.99652777777779,87.06597222222221,192,,
level,ollama/qwen2.5:3b,,wrong_mild,1,78.45117845117846,72.8956228956229,83.67003367003369,198,,
level,ollama/qwen2.5:3b,,wrong_strong,all,92.90598290598292,90.34188034188033,95.21367521367522,390,93.5077519379845,1032
level,ollama/qwen2.5:3b,,wrong_strong,0,93.15789473684211,89.47368421052632,96.49122807017542,190,,
level,ollama/qwen2.5:3b,,wrong_strong,1,92.66666666666667,89.0,95.83333333333333,200,,
level,ollama/qwen2.5:7b,,wrong_mild,all,39.82905982905983,35.128205128205124,44.7008547008547,390,53.51257588898526,1153
level,ollama/qwen2.5:7b,,wrong_mild,0,21.180555555555554,15.625,26.90972222222222,192,,
level,ollama/qwen2.5:7b,,wrong_mild,1,57.91245791245792,51.342592592592595,64.64646464646465,198,,
level,ollama/qwen2.5:7b,,wrong_strong,all,82.13675213675214,78.37606837606836,85.72649572649573,390,86.78808904307604,1153
level,ollama/qwen2.5:7b,,wrong_strong,0,77.5438596491228,71.40350877192984,83.33333333333333,190,,
level,ollama/qwen2.5:7b,,wrong_strong,1,86.5,81.66666666666667,90.83333333333333,200,,
paired_diff,ollama/qwen2.5:1.5b,ollama/llama3.2:1b,wrong_mild,all,-10.683760683760685,-13.504273504273506,-8.1175213675214,390,,
paired_diff,ollama/qwen2.5:1.5b,ollama/llama3.2:1b,wrong_strong,all,-18.888888888888886,-22.735042735042736,-15.128205128205128,390,,
paired_diff,ollama/qwen2.5:1.5b,ollama/qwen2.5:3b,wrong_mild,all,8.846153846153847,4.188034188034187,13.505341880341867,390,,
paired_diff,ollama/qwen2.5:1.5b,ollama/qwen2.5:3b,wrong_strong,all,-13.418803418803419,-17.692307692307693,-9.145299145299147,390,,
paired_diff,ollama/qwen2.5:1.5b,ollama/qwen2.5:7b,wrong_mild,all,49.31623931623931,44.1025641025641,54.35897435897436,390,,
paired_diff,ollama/qwen2.5:1.5b,ollama/qwen2.5:7b,wrong_strong,all,-2.6495726495726504,-7.521367521367522,2.307692307692308,390,,
paired_diff,ollama/llama3.2:1b,ollama/qwen2.5:3b,wrong_mild,all,19.52991452991453,15.811965811965814,23.418803418803417,390,,
paired_diff,ollama/llama3.2:1b,ollama/qwen2.5:3b,wrong_strong,all,5.47008547008547,2.905982905982906,8.11965811965812,390,,
paired_diff,ollama/llama3.2:1b,ollama/qwen2.5:7b,wrong_mild,all,60.0,55.2991452991453,64.87179487179488,390,,
paired_diff,ollama/llama3.2:1b,ollama/qwen2.5:7b,wrong_strong,all,16.23931623931624,12.393162393162394,20.256410256410255,390,,
paired_diff,ollama/qwen2.5:3b,ollama/qwen2.5:7b,wrong_mild,all,40.470085470085465,34.78632478632479,46.19658119658119,390,,
paired_diff,ollama/qwen2.5:3b,ollama/qwen2.5:7b,wrong_strong,all,10.76923076923077,6.58119658119658,15.128205128205128,390,,
