model,plan,metric,estimate_pp,ci_lo_pp,ci_hi_pp,n_items
ollama/qwen2.5:1.5b,data/processed/pushback_plan_dev_ollama_qwen2.5_1.5b.jsonl,S0,0.0,0.0,0.0,346
ollama/qwen2.5:1.5b,data/processed/pushback_plan_dev_ollama_qwen2.5_1.5b.jsonl,U0,0.0,0.0,0.0,124
ollama/qwen2.5:1.5b,data/processed/pushback_plan_dev_ollama_qwen2.5_1.5b.jsonl,S_mild,89.31,86.51,92.0,346
ollama/qwen2.5:1.5b,data/processed/pushback_plan_dev_ollama_qwen2.5_1.5b.jsonl,U_mild,92.47,88.44,95.97,124
ollama/qwen2.5:1.5b,data/processed/pushback_plan_dev_ollama_qwen2.5_1.5b.jsonl,S_mild - S0,89.31,86.41,92.0,346
ollama/qwen2.5:1.5b,data/processed/pushback_plan_dev_ollama_qwen2.5_1.5b.jsonl,U_mild - U0,92.47,88.71,95.97,124
ollama/qwen2.5:1.5b,data/processed/pushback_plan_dev_ollama_qwen2.5_1.5b.jsonl,S_mild - U_mild,-3.17,-7.72,1.5,124
ollama/qwen2.5:1.5b,data/processed/pushback_plan_dev_ollama_qwen2.5_1.5b.jsonl,flip_wrong_mild,90.85,88.24,93.35,346
ollama/qwen2.5:1.5b,data/processed/pushback_plan_dev_ollama_qwen2.5_1.5b.jsonl,S_strong,84.01,80.44,87.38,346
ollama/qwen2.5:1.5b,data/processed/pushback_plan_dev_ollama_qwen2.5_1.5b.jsonl,U_strong,87.37,82.8,91.67,124
ollama/qwen2.5:1.5b,data/processed/pushback_plan_dev_ollama_qwen2.5_1.5b.jsonl,S_strong - S0,84.01,80.44,87.38,346
ollama/qwen2.5:1.5b,data/processed/pushback_plan_dev_ollama_qwen2.5_1.5b.jsonl,U_strong - U0,87.37,82.8,91.67,124
ollama/qwen2.5:1.5b,data/processed/pushback_plan_dev_ollama_qwen2.5_1.5b.jsonl,S_strong - U_strong,-3.36,-8.88,2.28,124
ollama/qwen2.5:1.5b,data/processed/pushback_plan_dev_ollama_qwen2.5_1.5b.jsonl,flip_wrong_strong,86.03,82.76,89.21,346
ollama/qwen2.5:1.5b,data/processed/pushback_plan_dev_ollama_qwen2.5_1.5b.jsonl,flip_neutral,0.0,0.0,0.0,346
ollama/qwen2.5:1.5b,data/processed/pushback_plan_dev_ollama_qwen2.5_1.5b.jsonl,flip_bare,33.91,29.48,38.34,346
ollama/qwen2.5:1.5b,data/processed/pushback_plan_dev_ollama_qwen2.5_1.5b.jsonl,S_strong - S_mild,-5.3,-8.19,-2.7,346
ollama/qwen2.5:3b,data/processed/pushback_plan_dev_ollama_qwen2.5_3b.jsonl,S0,0.25,0.0,0.76,393
ollama/qwen2.5:3b,data/processed/pushback_plan_dev_ollama_qwen2.5_3b.jsonl,U0,1.23,0.0,3.7,81
ollama/qwen2.5:3b,data/processed/pushback_plan_dev_ollama_qwen2.5_3b.jsonl,S_mild,84.22,80.83,87.45,393
ollama/qwen2.5:3b,data/processed/pushback_plan_dev_ollama_qwen2.5_3b.jsonl,U_mild,95.06,90.12,98.77,81
ollama/qwen2.5:3b,data/processed/pushback_plan_dev_ollama_qwen2.5_3b.jsonl,S_mild - S0,83.97,80.49,87.19,393
ollama/qwen2.5:3b,data/processed/pushback_plan_dev_ollama_qwen2.5_3b.jsonl,U_mild - U0,93.83,87.65,98.77,81
ollama/qwen2.5:3b,data/processed/pushback_plan_dev_ollama_qwen2.5_3b.jsonl,S_mild - U_mild,-10.84,-16.28,-4.88,81
ollama/qwen2.5:3b,data/processed/pushback_plan_dev_ollama_qwen2.5_3b.jsonl,flip_wrong_mild,86.94,83.88,89.82,393
ollama/qwen2.5:3b,data/processed/pushback_plan_dev_ollama_qwen2.5_3b.jsonl,S_strong,93.98,91.69,96.01,393
ollama/qwen2.5:3b,data/processed/pushback_plan_dev_ollama_qwen2.5_3b.jsonl,U_strong,98.35,95.47,100.0,81
ollama/qwen2.5:3b,data/processed/pushback_plan_dev_ollama_qwen2.5_3b.jsonl,S_strong - S0,93.72,91.35,95.84,393
ollama/qwen2.5:3b,data/processed/pushback_plan_dev_ollama_qwen2.5_3b.jsonl,U_strong - U0,97.12,93.0,100.0,81
ollama/qwen2.5:3b,data/processed/pushback_plan_dev_ollama_qwen2.5_3b.jsonl,S_strong - U_strong,-4.38,-7.39,-0.83,81
ollama/qwen2.5:3b,data/processed/pushback_plan_dev_ollama_qwen2.5_3b.jsonl,flip_wrong_strong,95.59,93.64,97.37,393
ollama/qwen2.5:3b,data/processed/pushback_plan_dev_ollama_qwen2.5_3b.jsonl,flip_neutral,0.25,0.0,0.76,393
ollama/qwen2.5:3b,data/processed/pushback_plan_dev_ollama_qwen2.5_3b.jsonl,flip_bare,6.62,4.41,9.16,393
ollama/qwen2.5:3b,data/processed/pushback_plan_dev_ollama_qwen2.5_3b.jsonl,S_strong - S_mild,9.75,6.7,12.81,393
ollama/qwen2.5:7b,data/processed/pushback_plan_dev_ollama_qwen2.5_7b.jsonl,S0,0.0,0.0,0.0,458
ollama/qwen2.5:7b,data/processed/pushback_plan_dev_ollama_qwen2.5_7b.jsonl,U0,0.0,0.0,0.0,55
ollama/qwen2.5:7b,data/processed/pushback_plan_dev_ollama_qwen2.5_7b.jsonl,S_mild,54.37,49.93,58.88,458
ollama/qwen2.5:7b,data/processed/pushback_plan_dev_ollama_qwen2.5_7b.jsonl,U_mild,95.15,89.7,99.39,55
ollama/qwen2.5:7b,data/processed/pushback_plan_dev_ollama_qwen2.5_7b.jsonl,S_mild - S0,54.37,49.71,58.81,458
ollama/qwen2.5:7b,data/processed/pushback_plan_dev_ollama_qwen2.5_7b.jsonl,U_mild - U0,95.15,89.09,99.39,55
ollama/qwen2.5:7b,data/processed/pushback_plan_dev_ollama_qwen2.5_7b.jsonl,S_mild - U_mild,-40.78,-47.04,-33.44,55
ollama/qwen2.5:7b,data/processed/pushback_plan_dev_ollama_qwen2.5_7b.jsonl,flip_wrong_mild,55.02,50.44,59.68,458
ollama/qwen2.5:7b,data/processed/pushback_plan_dev_ollama_qwen2.5_7b.jsonl,S_strong,85.66,82.46,88.65,458
ollama/qwen2.5:7b,data/processed/pushback_plan_dev_ollama_qwen2.5_7b.jsonl,U_strong,97.58,93.33,100.0,55
ollama/qwen2.5:7b,data/processed/pushback_plan_dev_ollama_qwen2.5_7b.jsonl,S_strong - S0,85.66,82.53,88.72,458
ollama/qwen2.5:7b,data/processed/pushback_plan_dev_ollama_qwen2.5_7b.jsonl,U_strong - U0,97.58,93.33,100.0,55
ollama/qwen2.5:7b,data/processed/pushback_plan_dev_ollama_qwen2.5_7b.jsonl,S_strong - U_strong,-11.91,-16.35,-6.58,55
ollama/qwen2.5:7b,data/processed/pushback_plan_dev_ollama_qwen2.5_7b.jsonl,flip_wrong_strong,86.97,83.92,89.96,458
ollama/qwen2.5:7b,data/processed/pushback_plan_dev_ollama_qwen2.5_7b.jsonl,flip_neutral,0.0,0.0,0.0,458
ollama/qwen2.5:7b,data/processed/pushback_plan_dev_ollama_qwen2.5_7b.jsonl,flip_bare,16.89,13.68,20.23,458
ollama/qwen2.5:7b,data/processed/pushback_plan_dev_ollama_qwen2.5_7b.jsonl,S_strong - S_mild,31.3,26.78,35.81,458
ollama/llama3.2:1b,data/processed/pushback_plan_dev_ollama_llama3.2_1b.jsonl,S0,0.43,0.0,1.13,192
ollama/llama3.2:1b,data/processed/pushback_plan_dev_ollama_llama3.2_1b.jsonl,U0,0.21,0.0,0.64,157
ollama/llama3.2:1b,data/processed/pushback_plan_dev_ollama_llama3.2_1b.jsonl,S_mild,99.48,98.44,100.0,192
ollama/llama3.2:1b,data/processed/pushback_plan_dev_ollama_llama3.2_1b.jsonl,U_mild,100.0,100.0,100.0,157
ollama/llama3.2:1b,data/processed/pushback_plan_dev_ollama_llama3.2_1b.jsonl,S_mild - S0,99.05,97.66,100.0,192
ollama/llama3.2:1b,data/processed/pushback_plan_dev_ollama_llama3.2_1b.jsonl,U_mild - U0,99.79,99.36,100.0,157
ollama/llama3.2:1b,data/processed/pushback_plan_dev_ollama_llama3.2_1b.jsonl,S_mild - U_mild,-0.52,-1.56,0.0,157
ollama/llama3.2:1b,data/processed/pushback_plan_dev_ollama_llama3.2_1b.jsonl,flip_wrong_mild,99.48,98.44,100.0,192
ollama/llama3.2:1b,data/processed/pushback_plan_dev_ollama_llama3.2_1b.jsonl,S_strong,98.61,97.05,99.83,192
ollama/llama3.2:1b,data/processed/pushback_plan_dev_ollama_llama3.2_1b.jsonl,U_strong,96.39,93.63,98.73,157
ollama/llama3.2:1b,data/processed/pushback_plan_dev_ollama_llama3.2_1b.jsonl,S_strong - S0,98.18,96.44,99.57,192
ollama/llama3.2:1b,data/processed/pushback_plan_dev_ollama_llama3.2_1b.jsonl,U_strong - U0,96.18,93.42,98.51,157
ollama/llama3.2:1b,data/processed/pushback_plan_dev_ollama_llama3.2_1b.jsonl,S_strong - U_strong,2.22,-0.56,5.29,157
ollama/llama3.2:1b,data/processed/pushback_plan_dev_ollama_llama3.2_1b.jsonl,flip_wrong_strong,98.61,97.05,99.83,192
ollama/llama3.2:1b,data/processed/pushback_plan_dev_ollama_llama3.2_1b.jsonl,flip_neutral,0.61,0.0,1.39,192
ollama/llama3.2:1b,data/processed/pushback_plan_dev_ollama_llama3.2_1b.jsonl,flip_bare,5.73,2.95,8.85,192
ollama/llama3.2:1b,data/processed/pushback_plan_dev_ollama_llama3.2_1b.jsonl,S_strong - S_mild,-0.87,-1.91,0.0,192
ollama/qwen2.5:1.5b,data/processed/pushback_plan_heldout_ollama_qwen2.5_1.5b.jsonl,S0,0.0,0.0,0.0,882
ollama/qwen2.5:1.5b,data/processed/pushback_plan_heldout_ollama_qwen2.5_1.5b.jsonl,U0,0.0,0.0,0.0,365
ollama/qwen2.5:1.5b,data/processed/pushback_plan_heldout_ollama_qwen2.5_1.5b.jsonl,S_mild,90.02,88.25,91.69,882
ollama/qwen2.5:1.5b,data/processed/pushback_plan_heldout_ollama_qwen2.5_1.5b.jsonl,U_mild,92.69,90.59,94.61,365
ollama/qwen2.5:1.5b,data/processed/pushback_plan_heldout_ollama_qwen2.5_1.5b.jsonl,S_mild - S0,90.02,88.28,91.69,882
ollama/qwen2.5:1.5b,data/processed/pushback_plan_heldout_ollama_qwen2.5_1.5b.jsonl,U_mild - U0,92.69,90.59,94.61,365
ollama/qwen2.5:1.5b,data/processed/pushback_plan_heldout_ollama_qwen2.5_1.5b.jsonl,S_mild - U_mild,-2.67,-5.37,-0.01,365
ollama/qwen2.5:1.5b,data/processed/pushback_plan_heldout_ollama_qwen2.5_1.5b.jsonl,flip_wrong_mild,92.44,90.93,93.88,882
ollama/qwen2.5:1.5b,data/processed/pushback_plan_heldout_ollama_qwen2.5_1.5b.jsonl,S_strong,82.2,79.89,84.47,882
ollama/qwen2.5:1.5b,data/processed/pushback_plan_heldout_ollama_qwen2.5_1.5b.jsonl,U_strong,85.39,82.19,88.4,365
ollama/qwen2.5:1.5b,data/processed/pushback_plan_heldout_ollama_qwen2.5_1.5b.jsonl,S_strong - S0,82.2,79.89,84.39,882
ollama/qwen2.5:1.5b,data/processed/pushback_plan_heldout_ollama_qwen2.5_1.5b.jsonl,U_strong - U0,85.39,82.19,88.49,365
ollama/qwen2.5:1.5b,data/processed/pushback_plan_heldout_ollama_qwen2.5_1.5b.jsonl,S_strong - U_strong,-3.19,-7.01,0.69,365
ollama/qwen2.5:1.5b,data/processed/pushback_plan_heldout_ollama_qwen2.5_1.5b.jsonl,flip_wrong_strong,84.58,82.43,86.66,882
ollama/qwen2.5:1.5b,data/processed/pushback_plan_heldout_ollama_qwen2.5_1.5b.jsonl,flip_neutral,0.0,0.0,0.0,882
ollama/qwen2.5:1.5b,data/processed/pushback_plan_heldout_ollama_qwen2.5_1.5b.jsonl,flip_bare,30.31,27.63,33.07,882
ollama/qwen2.5:1.5b,data/processed/pushback_plan_heldout_ollama_qwen2.5_1.5b.jsonl,S_strong - S_mild,-7.82,-9.71,-6.01,882
ollama/llama3.2:1b,data/processed/pushback_plan_heldout_ollama_llama3.2_1b.jsonl,S0,0.0,0.0,0.0,495
ollama/llama3.2:1b,data/processed/pushback_plan_heldout_ollama_llama3.2_1b.jsonl,U0,0.95,0.24,1.9,421
ollama/llama3.2:1b,data/processed/pushback_plan_heldout_ollama_llama3.2_1b.jsonl,S_mild,99.87,99.66,100.0,495
ollama/llama3.2:1b,data/processed/pushback_plan_heldout_ollama_llama3.2_1b.jsonl,U_mild,99.37,98.65,99.92,421
ollama/llama3.2:1b,data/processed/pushback_plan_heldout_ollama_llama3.2_1b.jsonl,S_mild - S0,99.87,99.66,100.0,495
ollama/llama3.2:1b,data/processed/pushback_plan_heldout_ollama_llama3.2_1b.jsonl,U_mild - U0,98.42,97.31,99.37,421
ollama/llama3.2:1b,data/processed/pushback_plan_heldout_ollama_llama3.2_1b.jsonl,S_mild - U_mild,0.5,-0.06,1.2,421
ollama/llama3.2:1b,data/processed/pushback_plan_heldout_ollama_llama3.2_1b.jsonl,flip_wrong_mild,99.87,99.66,100.0,495
ollama/llama3.2:1b,data/processed/pushback_plan_heldout_ollama_llama3.2_1b.jsonl,S_strong,98.38,97.31,99.33,495
ollama/llama3.2:1b,data/processed/pushback_plan_heldout_ollama_llama3.2_1b.jsonl,U_strong,97.7,96.44,98.81,421
ollama/llama3.2:1b,data/processed/pushback_plan_heldout_ollama_llama3.2_1b.jsonl,S_strong - S0,98.38,97.31,99.33,495
ollama/llama3.2:1b,data/processed/pushback_plan_heldout_ollama_llama3.2_1b.jsonl,U_strong - U0,96.75,95.25,98.1,421
ollama/llama3.2:1b,data/processed/pushback_plan_heldout_ollama_llama3.2_1b.jsonl,S_strong - U_strong,0.68,-0.84,2.25,421
ollama/llama3.2:1b,data/processed/pushback_plan_heldout_ollama_llama3.2_1b.jsonl,flip_wrong_strong,98.38,97.31,99.33,495
ollama/llama3.2:1b,data/processed/pushback_plan_heldout_ollama_llama3.2_1b.jsonl,flip_neutral,0.4,0.0,1.01,495
ollama/llama3.2:1b,data/processed/pushback_plan_heldout_ollama_llama3.2_1b.jsonl,flip_bare,7.61,5.66,9.83,495
ollama/llama3.2:1b,data/processed/pushback_plan_heldout_ollama_llama3.2_1b.jsonl,S_strong - S_mild,-1.48,-2.42,-0.67,495
ollama/qwen2.5:3b,data/processed/pushback_plan_heldout_ollama_qwen2.5_3b.jsonl,S0,0.0,0.0,0.0,1032
ollama/qwen2.5:3b,data/processed/pushback_plan_heldout_ollama_qwen2.5_3b.jsonl,U0,1.24,0.0,2.79,215
ollama/qwen2.5:3b,data/processed/pushback_plan_heldout_ollama_qwen2.5_3b.jsonl,S_mild,80.49,78.18,82.77,1032
ollama/qwen2.5:3b,data/processed/pushback_plan_heldout_ollama_qwen2.5_3b.jsonl,U_mild,96.59,94.11,98.6,215
ollama/qwen2.5:3b,data/processed/pushback_plan_heldout_ollama_qwen2.5_3b.jsonl,S_mild - S0,80.49,78.23,82.7,1032
ollama/qwen2.5:3b,data/processed/pushback_plan_heldout_ollama_qwen2.5_3b.jsonl,U_mild - U0,95.35,92.56,97.83,215
ollama/qwen2.5:3b,data/processed/pushback_plan_heldout_ollama_qwen2.5_3b.jsonl,S_mild - U_mild,-16.1,-19.24,-12.86,215
ollama/qwen2.5:3b,data/processed/pushback_plan_heldout_ollama_qwen2.5_3b.jsonl,flip_wrong_mild,83.35,81.2,85.43,1032
ollama/qwen2.5:3b,data/processed/pushback_plan_heldout_ollama_qwen2.5_3b.jsonl,S_strong,93.51,92.05,94.86,1032
ollama/qwen2.5:3b,data/processed/pushback_plan_heldout_ollama_qwen2.5_3b.jsonl,U_strong,97.83,95.81,99.53,215
ollama/qwen2.5:3b,data/processed/pushback_plan_heldout_ollama_qwen2.5_3b.jsonl,S_strong - S0,93.51,92.09,94.86,1032
ollama/qwen2.5:3b,data/processed/pushback_plan_heldout_ollama_qwen2.5_3b.jsonl,U_strong - U0,96.59,94.11,98.6,215
ollama/qwen2.5:3b,data/processed/pushback_plan_heldout_ollama_qwen2.5_3b.jsonl,S_strong - U_strong,-4.32,-6.56,-1.86,215
ollama/qwen2.5:3b,data/processed/pushback_plan_heldout_ollama_qwen2.5_3b.jsonl,flip_wrong_strong,95.03,93.77,96.22,1032
ollama/qwen2.5:3b,data/processed/pushback_plan_heldout_ollama_qwen2.5_3b.jsonl,flip_neutral,0.58,0.19,1.07,1032
ollama/qwen2.5:3b,data/processed/pushback_plan_heldout_ollama_qwen2.5_3b.jsonl,flip_bare,7.36,5.85,8.95,1032
ollama/qwen2.5:3b,data/processed/pushback_plan_heldout_ollama_qwen2.5_3b.jsonl,S_strong - S_mild,13.02,11.01,15.07,1032
ollama/qwen2.5:7b,data/processed/pushback_plan_heldout_ollama_qwen2.5_7b.jsonl,S0,0.09,0.0,0.26,1153
ollama/qwen2.5:7b,data/processed/pushback_plan_heldout_ollama_qwen2.5_7b.jsonl,U0,1.09,0.0,2.72,184
ollama/qwen2.5:7b,data/processed/pushback_plan_heldout_ollama_qwen2.5_7b.jsonl,S_mild,53.51,50.71,56.32,1153
ollama/qwen2.5:7b,data/processed/pushback_plan_heldout_ollama_qwen2.5_7b.jsonl,U_mild,87.5,82.61,92.03,184
ollama/qwen2.5:7b,data/processed/pushback_plan_heldout_ollama_qwen2.5_7b.jsonl,S_mild - S0,53.43,50.65,56.29,1153
ollama/qwen2.5:7b,data/processed/pushback_plan_heldout_ollama_qwen2.5_7b.jsonl,U_mild - U0,86.41,81.34,91.12,184
ollama/qwen2.5:7b,data/processed/pushback_plan_heldout_ollama_qwen2.5_7b.jsonl,S_mild - U_mild,-33.99,-39.35,-28.46,184
ollama/qwen2.5:7b,data/processed/pushback_plan_heldout_ollama_qwen2.5_7b.jsonl,flip_wrong_mild,54.21,51.4,56.98,1153
ollama/qwen2.5:7b,data/processed/pushback_plan_heldout_ollama_qwen2.5_7b.jsonl,S_strong,86.79,84.85,88.67,1153
ollama/qwen2.5:7b,data/processed/pushback_plan_heldout_ollama_qwen2.5_7b.jsonl,U_strong,96.92,94.2,99.09,184
ollama/qwen2.5:7b,data/processed/pushback_plan_heldout_ollama_qwen2.5_7b.jsonl,S_strong - S0,86.7,84.76,88.61,1153
ollama/qwen2.5:7b,data/processed/pushback_plan_heldout_ollama_qwen2.5_7b.jsonl,U_strong - U0,95.83,92.75,98.37,184
ollama/qwen2.5:7b,data/processed/pushback_plan_heldout_ollama_qwen2.5_7b.jsonl,S_strong - U_strong,-10.13,-13.08,-6.91,184
ollama/qwen2.5:7b,data/processed/pushback_plan_heldout_ollama_qwen2.5_7b.jsonl,flip_wrong_strong,87.97,86.15,89.82,1153
ollama/qwen2.5:7b,data/processed/pushback_plan_heldout_ollama_qwen2.5_7b.jsonl,flip_neutral,0.2,0.0,0.46,1153
ollama/qwen2.5:7b,data/processed/pushback_plan_heldout_ollama_qwen2.5_7b.jsonl,flip_bare,18.88,16.71,21.08,1153
ollama/qwen2.5:7b,data/processed/pushback_plan_heldout_ollama_qwen2.5_7b.jsonl,S_strong - S_mild,33.28,30.44,36.08,1153
